symbol,timeframe,ema_x,ema_y,final_balance,profit_pct,profit_pct_no_shift,lookahead_delta,bh_return_pct,alpha_pct,profit_factor,sharpe,sortino,calmar,omega_ratio,ulcer_index,recovery_factor,tail_ratio,max_drawdown_pct,max_dd_bars,total_trades,win_rate_pct,payoff_ratio,expectancy_pct,expectancy_dol,sqn,kelly_fraction,kelly_profit_pct,risk_of_ruin_pct,long_trades,long_win_rate,long_profit_pct,short_trades,short_win_rate,short_profit_pct,max_consec_wins,max_consec_loss,avg_win_pct,avg_loss_pct,avg_hold_bars,avg_mae_pct,avg_mfe_pct,avg_edge_ratio,t_stat,p_value,is_significant,ljung_box_p,has_autocorrelation,mc_p5,mc_p50,mc_p95,mc_prob_ruin,mc_sharpe_p5,mc_sharpe_p95,robustness_score,cagr_pct,wf_oos_avg,wf_oos_min,wf_oos_max,wf_oos_positive_folds,wf_oos_total_folds,regime_best_emas
ETH,2h,47,299,4545923.81,4445.92,2649.83,-1796.1,5297.12,-851.2,5.1,-1.47,-8.71,5.0,0.05,527.78,5.0,0.02,-888.92,6,11,45.45,6.12,-106.1,404174.89,-1.47,0.3654,85.98,0.0,5,40.0,37.5,6,50.0,3206.14,4,6,-110.29,-102.6,363.5,-139.12,7.05,3.51,-1.402,0.1913,False,,False,-27532394.74,173698.42,106906362.6,48.6,-2.45,5.66,100.0,6443.68,-173.53,-344.81,-11.05,0,3,"{'Bullish': {'ema_x': 72, 'ema_y': 272, 'profit_factor': 4.87}, 'Bearish': {'ema_x': 152, 'ema_y': 272, 'profit_factor': 2.39}, 'Sideways': {'ema_x': 72, 'ema_y': 262, 'profit_factor': 2.82}}"
GOOGL,5m,33,115,2799321.92,2699.32,-98.24,-2797.56,-16.03,2715.35,8.73,5.46,4.05,80.8,5.06,8.8,80.8,1.65,-33.41,6,61,86.89,1.32,6.03,44251.18,5.46,0.7693,1284.26,0.0,31,87.1,468.51,30,86.67,392.39,21,1,8.66,-11.33,65.5,-9.59,8.87,6.64,5.413,0.0,True,0.402,False,728042.54,2886134.91,8066071.88,0.0,2.78,10.97,100.0,9.957319020877433e+39,217.08,28.25,526.15,3,3,"{'Bullish': {'ema_x': 2, 'ema_y': 142, 'profit_factor': 2.85}, 'Bearish': {'ema_x': 32, 'ema_y': 52, 'profit_factor': 1.88}, 'Sideways': {'ema_x': 12, 'ema_y': 112, 'profit_factor': 5.89}}"
SOL,15m,134,153,1360471.38,1260.47,-95.8,-1356.27,-12.32,1272.79,6.78,5.87,10.9,104.59,15.99,2.47,104.59,6.28,-12.05,1,29,86.21,1.08,9.79,43464.53,5.87,0.7349,609.47,0.0,14,85.71,283.34,15,86.67,254.9,9,1,12.11,-4.74,137.9,-10.51,12.68,11.98,5.769,0.0,True,0.5026,False,623275.1,1367772.28,2820293.58,0.0,4.0,8.9,100.0,837870367719.79,119.79,15.52,228.54,3,3,"{'Bullish': {'ema_x': 132, 'ema_y': 272, 'profit_factor': 3.07}, 'Bearish': {'ema_x': 92, 'ema_y': 112, 'profit_factor': 5.62}, 'Sideways': {'ema_x': 132, 'ema_y': 292, 'profit_factor': 8.25}}"
TSLA,3h,72,167,844410.71,744.41,-89.1,-833.52,-6.14,750.55,3.45,4.13,7.02,34.15,4.58,6.3,34.15,1.6,-21.8,4,33,81.82,0.77,7.19,22557.9,4.13,0.5808,265.31,0.0,16,81.25,214.89,17,82.35,168.16,7,1,11.24,-11.04,121.2,-9.48,11.26,7.25,4.069,0.0003,True,0.3539,False,307956.3,834272.41,1940501.28,0.0,2.04,7.48,100.0,374.81,66.11,-16.08,113.44,2,3,"{'Bullish': {'ema_x': 2, 'ema_y': 72, 'profit_factor': 2.39}, 'Bearish': {'ema_x': 22, 'ema_y': 242, 'profit_factor': 2.62}, 'Sideways': {'ema_x': 32, 'ema_y': 182, 'profit_factor': 3.88}}"
TSLA,2h,128,205,698683.71,598.68,-90.16,-688.85,88.82,509.86,4.95,4.58,3.0,22.36,8.67,6.86,22.36,51.04,-26.77,4,30,93.33,0.35,7.07,19956.12,4.58,0.7449,340.02,0.0,15,100.0,298.03,15,86.67,75.54,24,1,8.57,-13.84,133.3,-10.92,9.45,4.51,4.5,0.0001,True,0.2791,False,306782.62,730987.95,1376178.19,0.0,2.25,9.4,100.0,741.11,25.85,-30.83,80.73,2,3,"{'Bullish': {'ema_x': 252, 'ema_y': 292, 'profit_factor': 2.92}, 'Bearish': {'ema_x': 112, 'ema_y': 232, 'profit_factor': 7.02}, 'Sideways': {'ema_x': 52, 'ema_y': 112, 'profit_factor': 5.25}}"
TSLA,5m,20,299,674800.32,574.8,72.45,-502.35,1124.28,-549.48,1.45,-0.88,-0.47,1.58,0.38,115.89,1.58,0.17,-363.64,8,33,78.79,0.39,-10.89,17418.19,-0.88,0.2444,-93.74,0.0,16,81.25,144.1,17,76.47,176.44,14,2,1.87,-58.3,121.2,-28.71,7.48,4.41,-0.863,0.3943,False,0.6587,False,-3201797.57,-37217.98,3797605.76,51.0,-1.76,4.96,100.0,5.933381876155404e+23,-95.0,-223.65,67.4,1,3,"{'Bullish': {'ema_x': 22, 'ema_y': 262, 'profit_factor': 1.43}, 'Bearish': {'ema_x': 12, 'ema_y': 32, 'profit_factor': 3.44}, 'Sideways': {'ema_x': 2, 'ema_y': 12, 'profit_factor': 1.27}}"
GOOGL,2h,293,300,662176.12,562.18,-92.29,-654.47,15.45,546.72,13.8,3.75,7.0,19.07,7.26,11.22,19.07,2.11,-29.48,4,16,87.5,1.97,13.6,35136.01,3.75,0.8116,382.98,0.0,8,100.0,226.98,8,75.0,102.51,11,1,18.03,-17.37,249.9,-21.83,21.85,10.61,3.626,0.0025,True,0.0,True,222088.01,671557.27,1572521.04,0.0,1.55,8.77,100.0,693.1,96.4,-21.16,241.0,2,3,"{'Bullish': {'ema_x': 2, 'ema_y': 152, 'profit_factor': 5.56}, 'Bearish': {'ema_x': 252, 'ema_y': 292, 'profit_factor': 258.37}, 'Sideways': {'ema_x': 182, 'ema_y': 212, 'profit_factor': 21.38}}"
NVDA,2h,32,238,622887.81,522.89,-89.72,-612.61,9.96,512.93,2.79,3.45,3.4,21.79,3.13,8.22,21.79,0.71,-23.99,6,51,84.31,0.52,4.03,10252.7,3.45,0.5404,184.35,0.0,25,88.0,186.01,26,80.77,117.79,10,2,7.01,-12.04,78.4,-9.86,6.72,3.35,3.414,0.0013,True,0.0656,False,209373.48,637718.4,1728432.05,0.0,1.42,6.91,100.0,641.7,30.77,1.19,88.56,3,3,"{'Bullish': {'ema_x': 102, 'ema_y': 142, 'profit_factor': 1.78}, 'Bearish': {'ema_x': 2, 'ema_y': 232, 'profit_factor': 2.08}, 'Sideways': {'ema_x': 2, 'ema_y': 182, 'profit_factor': 2.58}}"
XAU,5m,98,105,503915.18,403.92,-82.05,-485.96,12.54,391.37,7.21,3.94,3.21,14.92,5.12,9.13,14.92,2.44,-27.07,8,34,85.29,1.24,5.19,11879.86,3.94,0.7347,237.86,0.0,16,81.25,162.62,18,88.89,91.88,12,1,7.56,-8.57,117.6,-8.65,7.62,7.54,3.884,0.0005,True,0.0009,True,225023.38,513334.87,989310.54,0.0,1.72,8.98,100.0,2.7752881359549147e+20,78.27,45.56,131.82,3,3,"{'Bullish': {'ema_x': 192, 'ema_y': 222, 'profit_factor': 3.83}, 'Bearish': {'ema_x': 102, 'ema_y': 112, 'profit_factor': 2.47}, 'Sideways': {'ema_x': 102, 'ema_y': 112, 'profit_factor': 3.47}}"
XRP,1h,211,284,440518.4,340.52,-84.83,-425.35,-47.45,387.97,2.99,3.32,3.72,13.71,5.48,7.65,13.71,1.82,-24.84,5,21,80.95,0.7,7.93,16215.16,3.32,0.5387,132.34,0.0,10,80.0,63.14,11,81.82,170.02,9,2,11.98,-9.29,190.4,-9.14,12.07,34.46,3.242,0.0041,True,0.0586,False,174049.07,457645.45,879498.65,0.0,1.26,7.04,100.0,2475.43,13.07,-34.13,56.46,2,3,"{'Bullish': {'ema_x': 102, 'ema_y': 152, 'profit_factor': 5.24}, 'Bearish': {'ema_x': 212, 'ema_y': 252, 'profit_factor': 1.28}, 'Sideways': {'ema_x': 232, 'ema_y': 282, 'profit_factor': 3.19}}"
XAU,3h,202,267,401331.86,301.33,-83.5,-384.83,82.29,219.04,6.26,3.27,2.79,10.86,6.56,6.85,10.86,3.88,-27.75,2,17,88.24,0.83,9.24,17725.4,3.27,0.7414,189.92,0.0,9,88.89,197.78,8,87.5,34.77,8,1,12.35,-14.11,235.2,-11.75,13.53,6.85,3.175,0.0059,True,0.007,True,177608.1,398831.0,786141.61,0.0,1.28,8.07,100.0,175.83,7.49,-23.09,29.68,2,3,"{'Bullish': {'ema_x': 102, 'ema_y': 262, 'profit_factor': 4.1}, 'Bearish': {'ema_x': 42, 'ema_y': 112, 'profit_factor': 3.31}, 'Sideways': {'ema_x': 52, 'ema_y': 182, 'profit_factor': 9.29}}"
TSLA,30m,179,294,393516.11,293.52,1155.37,861.85,2069.13,-1775.61,1.48,-1.45,-1.73,0.53,0.04,309.73,0.53,0.0,-557.66,2,5,60.0,0.99,-132.06,58703.22,-1.45,0.1953,-100.31,0.0,3,66.67,29.8,2,50.0,203.17,2,2,-52.11,-251.99,799.6,-224.53,9.66,0.74,-1.296,0.2647,False,1.0,False,-1513688.86,-46019.25,2256555.7,52.2,-2.94,19.5,100.0,40357.35,-74.86,-117.65,-14.81,0,3,"{'Bullish': {'ema_x': 242, 'ema_y': 282, 'profit_factor': 1.57}, 'Bearish': {'ema_x': 2, 'ema_y': 82, 'profit_factor': 0.75}, 'Sideways': {'ema_x': 2, 'ema_y': 32, 'profit_factor': 1.18}}"
NVDA,5m,44,54,344928.62,244.93,-89.16,-334.09,-32.46,277.39,1.57,1.95,1.56,4.34,1.94,23.31,4.34,0.67,-56.48,18,66,77.27,0.46,2.72,3711.04,1.95,0.2806,59.56,0.0,34,70.59,106.71,32,84.38,66.87,10,2,7.26,-12.7,60.6,-9.08,6.65,7.51,1.936,0.0572,False,0.3795,False,46906.08,380067.83,1926280.49,5.6,0.2,5.3,100.0,1.3190875792005018e+16,77.26,-29.03,216.6,2,3,"{'Bullish': {'ema_x': 2, 'ema_y': 232, 'profit_factor': 1.26}, 'Bearish': {'ema_x': 72, 'ema_y': 92, 'profit_factor': 1.65}, 'Sideways': {'ema_x': 22, 'ema_y': 52, 'profit_factor': 2.0}}"
NVDA,15m,253,286,329983.47,229.98,-85.19,-315.17,236.39,-6.41,2.71,2.1,3.03,7.68,3.69,10.05,7.68,1.23,-29.94,2,14,71.43,1.08,10.79,16427.39,2.1,0.4509,84.89,0.0,7,85.71,278.19,7,57.14,-12.75,3,1,20.71,-14.02,285.6,-20.42,18.59,16.48,2.024,0.064,False,0.0002,True,85581.95,331615.13,945299.83,0.4,0.2,5.38,100.0,3453888.43,11.61,-29.07,86.93,1,3,"{'Bullish': {'ema_x': 252, 'ema_y': 262, 'profit_factor': 1.26}, 'Bearish': {'ema_x': 2, 'ema_y': 92, 'profit_factor': 1.87}, 'Sideways': {'ema_x': 212, 'ema_y': 292, 'profit_factor': 2.15}}"
XRP,2h,4,13,327551.6,227.55,-81.2,-308.75,-9.64,237.19,1.3,2.1,1.74,5.74,1.37,15.92,5.74,0.57,-39.65,68,358,70.95,0.53,0.4,635.62,2.1,0.1617,25.48,0.0,179,70.39,92.81,179,71.51,69.89,12,4,2.09,-3.72,11.2,-3.03,1.66,3.5,2.098,0.0366,True,0.0663,False,112301.55,329724.81,1098230.06,0.2,0.59,4.34,100.0,266.82,69.19,8.15,146.63,3,3,"{'Bullish': {'ema_x': 22, 'ema_y': 142, 'profit_factor': 1.17}, 'Bearish': {'ema_x': 2, 'ema_y': 42, 'profit_factor': 2.22}, 'Sideways': {'ema_x': 12, 'ema_y': 62, 'profit_factor': 2.28}}"
NVDA,1h,10,12,323805.48,223.81,-88.89,-312.7,156.93,66.87,1.24,1.74,1.49,4.6,1.36,23.8,4.6,0.52,-48.7,133,250,74.0,0.44,0.69,895.22,1.74,0.1423,26.59,0.0,125,80.8,292.37,125,67.2,-17.47,17,3,3.51,-7.34,16.0,-4.73,2.95,3.69,1.741,0.0829,False,0.9346,False,50815.51,327478.05,2055167.92,4.8,0.06,4.22,64.5,1212.15,33.88,-7.74,63.85,2,3,"{'Bullish': {'ema_x': 22, 'ema_y': 32, 'profit_factor': 0.73}, 'Bearish': {'ema_x': 2, 'ema_y': 172, 'profit_factor': 1.61}, 'Sideways': {'ema_x': 2, 'ema_y': 12, 'profit_factor': 1.31}}"
OIL,30m,216,296,306287.98,206.29,-71.78,-278.07,40.19,166.1,26.03,5.23,0.0,25.65,15.73,1.95,25.65,7.3,-8.04,1,16,93.75,1.74,7.4,12893.0,5.23,0.9015,175.8,0.0,8,100.0,112.6,8,87.5,44.07,14,1,8.43,-8.04,249.9,-6.07,9.57,10.04,5.064,0.0001,True,0.0,True,205332.99,308298.96,431957.87,0.0,2.75,11.3,100.0,13393.16,32.27,13.7,57.02,3,3,"{'Bullish': {'ema_x': 232, 'ema_y': 262, 'profit_factor': 37.85}, 'Bearish': {'ema_x': 192, 'ema_y': 282, 'profit_factor': 999.0}, 'Sideways': {'ema_x': 202, 'ema_y': 282, 'profit_factor': 30.8}}"
XAG,4h,25,31,295828.57,195.83,-78.28,-274.11,253.46,-57.63,1.44,1.94,2.16,7.81,1.57,9.75,7.81,0.51,-25.08,16,113,77.88,0.41,1.19,1733.0,1.94,0.2386,36.03,0.0,57,84.21,279.93,56,71.43,-22.14,10,2,4.22,-9.45,35.4,-5.72,3.93,11.36,1.931,0.0561,False,0.2779,False,85675.31,303763.05,932758.74,2.0,0.21,4.27,100.0,81.12,41.19,15.75,80.98,3,3,"{'Bullish': {'ema_x': 12, 'ema_y': 22, 'profit_factor': 1.13}, 'Bearish': {'ema_x': 12, 'ema_y': 62, 'profit_factor': 3.9}, 'Sideways': {'ema_x': 22, 'ema_y': 32, 'profit_factor': 1.04}}"
XRP,4h,38,222,293966.8,193.97,-76.46,-270.42,38.66,155.3,1.77,2.28,2.15,4.92,2.38,14.52,4.92,0.91,-39.46,10,41,80.49,0.43,3.08,4730.9,2.28,0.3494,52.21,0.0,21,90.48,118.35,20,70.0,34.63,17,2,6.61,-11.47,97.5,-8.32,6.53,7.25,2.252,0.0299,True,0.4248,False,98868.44,303688.34,792492.35,0.6,0.34,6.38,100.0,80.49,-9.3,-40.75,12.11,2,3,"{'Bullish': {'ema_x': 282, 'ema_y': 292, 'profit_factor': 1.76}, 'Bearish': {'ema_x': 2, 'ema_y': 262, 'profit_factor': 1.65}, 'Sideways': {'ema_x': 2, 'ema_y': 62, 'profit_factor': 1.42}}"
GOOGL,3h,18,37,285719.86,185.72,-95.83,-281.55,-4.78,190.5,1.09,1.8,1.33,2.31,1.58,31.46,2.31,0.51,-80.28,26,129,78.29,0.3,1.8,1439.69,1.8,0.0644,15.77,0.0,64,81.25,228.37,65,75.38,-12.99,16,2,6.27,-14.31,31.0,-8.23,5.72,4.43,1.791,0.0756,False,0.3982,False,9141.04,312254.48,3442626.3,18.6,-0.03,4.35,71.1,115.23,64.21,-70.43,242.96,2,3,"{'Bullish': {'ema_x': 32, 'ema_y': 52, 'profit_factor': 0.82}, 'Bearish': {'ema_x': 22, 'ema_y': 42, 'profit_factor': 1.93}, 'Sideways': {'ema_x': 2, 'ema_y': 32, 'profit_factor': 1.35}}"
NVDA,30m,2,3,283368.51,183.37,-87.54,-270.91,-7.16,190.53,1.12,1.57,1.38,2.9,1.15,33.36,2.9,0.54,-63.17,614,1029,70.65,0.47,0.15,178.2,1.57,0.0759,12.41,0.0,514,69.65,118.84,515,71.65,29.49,17,9,1.65,-3.45,3.9,-2.06,1.22,1.78,1.566,0.1177,False,0.695,False,54233.1,303650.85,1878579.07,4.2,0.01,3.63,71.4,9496.28,31.45,-27.48,87.78,2,3,"{'Bullish': {'ema_x': 2, 'ema_y': 12, 'profit_factor': 0.74}, 'Bearish': {'ema_x': 12, 'ema_y': 42, 'profit_factor': 1.05}, 'Sideways': {'ema_x': 142, 'ema_y': 272, 'profit_factor': 0.88}}"
ETH,15m,2,10,278833.06,178.83,-80.95,-259.78,160.18,18.66,1.15,1.7,1.16,3.35,1.27,23.73,3.35,0.51,-53.43,142,601,75.04,0.38,0.24,297.56,1.7,0.0957,14.36,0.0,301,74.42,248.55,300,75.67,-20.0,14,7,1.52,-3.61,6.7,-2.21,1.2,9.01,1.703,0.0891,False,0.5485,False,51780.26,304798.26,1169246.46,4.8,-0.05,4.05,36.7,790679.8,26.99,-14.44,94.16,2,3,"{'Bullish': {'ema_x': 2, 'ema_y': 12, 'profit_factor': 0.77}, 'Bearish': {'ema_x': 32, 'ema_y': 82, 'profit_factor': 1.35}, 'Sideways': {'ema_x': 2, 'ema_y': 12, 'profit_factor': 0.82}}"
XAU,2h,151,275,271440.23,171.44,-71.23,-242.67,-31.59,203.03,4.11,2.81,3.85,9.08,4.9,6.03,9.08,1.64,-18.88,5,16,81.25,0.95,6.93,10715.01,2.81,0.6149,89.57,0.0,8,75.0,42.82,8,87.5,90.06,4,1,10.72,-9.48,249.9,-12.78,11.36,7.23,2.722,0.0158,True,0.1254,False,139703.63,269619.34,473535.09,0.0,0.97,6.89,100.0,198.58,30.53,-2.74,55.11,2,3,"{'Bullish': {'ema_x': 92, 'ema_y': 132, 'profit_factor': 3.11}, 'Bearish': {'ema_x': 132, 'ema_y': 282, 'profit_factor': 2.16}, 'Sideways': {'ema_x': 42, 'ema_y': 52, 'profit_factor': 1.98}}"
XAG,15m,278,296,265905.91,165.91,-72.41,-238.31,139.43,26.48,3.28,2.46,8.37,10.41,4.36,5.17,10.41,2.38,-15.93,1,14,78.57,0.89,7.93,11850.42,2.46,0.5461,76.01,0.0,7,100.0,163.91,7,57.14,0.76,7,1,13.1,-11.0,285.6,-14.71,12.56,3.99,2.366,0.0342,True,0.0,True,127220.55,275426.1,514014.76,0.0,0.78,5.28,100.0,521937.32,-0.09,-35.42,34.63,2,3,"{'Bullish': {'ema_x': 212, 'ema_y': 272, 'profit_factor': 1.86}, 'Bearish': {'ema_x': 282, 'ema_y': 292, 'profit_factor': 4.5}, 'Sideways': {'ema_x': 252, 'ema_y': 292, 'profit_factor': 1.77}}"
XAU,1h,299,300,249846.24,149.85,-67.22,-217.06,-43.39,193.24,5.54,3.36,4.48,10.46,7.3,4.22,10.46,2.51,-14.32,2,12,83.33,1.11,8.3,12487.19,3.36,0.6828,90.0,0.0,6,66.67,23.41,6,100.0,102.46,7,1,11.53,-7.9,333.2,-13.77,13.56,3.39,3.22,0.0082,True,0.0,True,143355.47,260122.16,390653.44,0.0,1.19,10.61,100.0,643.47,19.66,-15.35,44.23,2,3,"{'Bullish': {'ema_x': 22, 'ema_y': 182, 'profit_factor': 4.67}, 'Bearish': {'ema_x': 232, 'ema_y': 272, 'profit_factor': 2.7}, 'Sideways': {'ema_x': 242, 'ema_y': 292, 'profit_factor': 3.6}}"
GOOGL,4h,299,300,243845.48,143.85,-78.95,-222.8,-68.63,212.48,1.82,1.75,1.74,3.23,3.57,19.27,3.23,1.44,-44.47,3,11,81.82,0.4,11.0,13076.86,1.75,0.3676,49.72,0.0,6,66.67,0.23,5,100.0,143.3,8,1,18.68,-23.57,363.5,-33.42,19.17,2.22,1.67,0.126,False,,False,54250.94,254781.56,736731.06,4.4,-0.17,6.14,100.0,62.93,-0.61,-65.97,65.19,1,3,"{'Bullish': {'ema_x': 172, 'ema_y': 222, 'profit_factor': 9.07}, 'Bearish': {'ema_x': 282, 'ema_y': 292, 'profit_factor': 1.58}, 'Sideways': {'ema_x': 252, 'ema_y': 292, 'profit_factor': 1.59}}"
OIL,3h,8,82,239977.89,139.98,-64.15,-204.13,166.92,-26.94,1.67,2.7,2.27,6.78,1.86,5.02,6.78,0.64,-20.63,17,131,80.15,0.41,0.72,1068.53,2.7,0.3229,34.63,0.0,65,90.77,165.78,66,69.7,-9.71,16,3,1.93,-4.19,30.5,-2.91,1.75,2.07,2.693,0.008,True,0.0266,True,130545.62,240464.25,420488.87,0.0,0.87,5.49,100.0,89.49,17.65,-10.15,63.42,1,3,"{'Bullish': {'ema_x': 212, 'ema_y': 282, 'profit_factor': 2.24}, 'Bearish': {'ema_x': 132, 'ema_y': 292, 'profit_factor': 11.12}, 'Sideways': {'ema_x': 12, 'ema_y': 52, 'profit_factor': 1.61}}"
TSLA,1h,27,118,232934.28,132.93,-80.26,-213.19,84.79,48.14,1.57,1.54,1.34,2.51,1.75,25.99,2.51,0.6,-52.88,21,53,79.25,0.41,2.43,2508.19,1.54,0.2866,40.17,0.0,27,88.89,143.83,26,69.23,-4.47,13,1,7.17,-15.67,75.4,-10.38,6.52,4.39,1.525,0.1332,False,0.4299,False,44706.05,225289.46,894509.37,6.8,-0.08,4.36,96.7,537.6,59.42,-6.0,120.7,2,3,"{'Bullish': {'ema_x': 2, 'ema_y': 22, 'profit_factor': 1.57}, 'Bearish': {'ema_x': 72, 'ema_y': 292, 'profit_factor': 2.19}, 'Sideways': {'ema_x': 12, 'ema_y': 102, 'profit_factor': 2.12}}"
OIL,15m,2,3,229408.8,129.41,-63.25,-192.66,58.65,70.76,1.2,2.17,2.02,4.28,1.21,10.43,4.28,0.59,-30.23,297,1030,71.07,0.49,0.09,125.64,2.17,0.119,11.45,0.0,514,71.6,100.85,516,70.54,14.22,20,5,0.73,-1.49,3.9,-0.9,0.54,2.06,2.174,0.0299,True,0.835,False,115858.58,240681.96,476205.68,0.0,0.56,4.1,28.6,143263.63,23.62,1.6,42.33,3,3,"{'Bullish': {'ema_x': 2, 'ema_y': 12, 'profit_factor': 0.76}, 'Bearish': {'ema_x': 2, 'ema_y': 72, 'profit_factor': 3.82}, 'Sideways': {'ema_x': 12, 'ema_y': 22, 'profit_factor': 0.84}}"
XAG,30m,77,145,225944.03,125.94,-73.25,-199.19,205.78,-79.83,1.93,1.65,1.25,3.36,2.1,15.71,3.36,0.54,-37.53,15,37,81.08,0.45,2.92,3403.89,1.65,0.3913,47.09,0.0,18,88.89,210.45,19,73.68,-27.22,9,1,6.87,-14.0,108.1,-8.46,6.61,4.95,1.63,0.1118,False,0.0224,True,59607.62,237396.0,648823.36,4.6,-0.15,5.97,100.0,3457.22,37.05,-7.87,85.32,2,3,"{'Bullish': {'ema_x': 2, 'ema_y': 262, 'profit_factor': 1.91}, 'Bearish': {'ema_x': 52, 'ema_y': 72, 'profit_factor': 2.81}, 'Sideways': {'ema_x': 22, 'ema_y': 82, 'profit_factor': 2.12}}"
ETH,1h,154,187,224538.86,124.54,-72.25,-196.78,148.49,-23.96,2.1,1.66,1.69,2.7,2.47,16.96,2.7,0.71,-46.12,7,23,86.96,0.31,4.6,5414.73,1.66,0.4552,54.26,0.0,11,90.91,173.8,12,83.33,-17.99,10,1,8.91,-24.09,173.8,-12.83,9.7,10.11,1.628,0.1178,False,0.1982,False,59586.43,213409.63,641616.66,3.2,-0.16,6.64,100.0,488.36,-11.55,-79.8,65.11,1,3,"{'Bullish': {'ema_x': 122, 'ema_y': 132, 'profit_factor': 0.97}, 'Bearish': {'ema_x': 2, 'ema_y': 82, 'profit_factor': 3.15}, 'Sideways': {'ema_x': 2, 'ema_y': 12, 'profit_factor': 1.26}}"
SOL,3h,145,298,224343.81,124.34,29.77,-94.58,-68.86,193.21,999.0,1.65,0.0,999.0,999.0,0.0,124.34,0.0,0.0,0,5,100.0,999.0,20.15,24868.76,1.65,1.0,124.34,0.0,2,100.0,24.65,3,100.0,79.98,5,0,20.15,0.0,799.6,-20.82,24.93,3.05,1.48,0.213,False,1.0,False,118958.16,224343.81,541728.03,0.0,1.37,4.16,60.2,80.39,30.45,4.66,52.51,3,3,"{'Bullish': {'ema_x': 162, 'ema_y': 282, 'profit_factor': 999.0}, 'Bearish': {'ema_x': 142, 'ema_y': 292, 'profit_factor': 999.0}, 'Sideways': {'ema_x': 152, 'ema_y': 272, 'profit_factor': 999.0}}"
SOL,1h,4,28,205929.01,105.93,-69.36,-175.29,-68.94,174.87,1.13,1.32,1.03,2.01,1.28,26.08,2.01,0.44,-52.8,76,259,74.9,0.38,0.45,408.99,1.32,0.0858,10.09,0.0,129,71.32,-0.35,130,78.46,106.66,15,3,2.72,-6.33,15.4,-4.28,2.26,3.43,1.319,0.1885,False,0.8358,False,42285.1,211868.22,843248.05,6.8,-0.29,3.27,67.0,386.77,34.58,-27.81,119.98,2,3,"{'Bullish': {'ema_x': 2, 'ema_y': 12, 'profit_factor': 0.93}, 'Bearish': {'ema_x': 12, 'ema_y': 72, 'profit_factor': 0.91}, 'Sideways': {'ema_x': 2, 'ema_y': 42, 'profit_factor': 1.11}}"
SOL,30m,27,61,204536.36,104.54,-83.77,-188.31,-79.75,184.28,1.2,1.42,1.01,1.68,1.57,25.72,1.68,0.49,-62.39,33,86,80.23,0.29,1.62,1215.54,1.42,0.1314,19.03,0.0,43,69.77,-10.77,43,90.7,129.23,15,2,5.55,-14.35,46.5,-7.61,5.25,3.54,1.413,0.1614,False,0.8285,False,20464.32,213810.76,1199918.76,13.8,-0.28,4.19,88.4,2200.14,17.24,-31.02,44.93,2,3,"{'Bullish': {'ema_x': 52, 'ema_y': 72, 'profit_factor': 2.12}, 'Bearish': {'ema_x': 132, 'ema_y': 282, 'profit_factor': 0.92}, 'Sideways': {'ema_x': 2, 'ema_y': 32, 'profit_factor': 1.34}}"
XAG,5m,53,64,201381.94,101.38,-67.53,-168.91,291.87,-190.49,1.75,1.49,1.31,2.25,1.78,20.99,2.25,0.86,-45.07,37,50,74.0,0.62,1.84,2027.64,1.49,0.3176,31.24,0.0,25,88.0,224.1,25,60.0,-37.86,7,3,5.66,-9.02,80.0,-8.77,5.13,6.35,1.479,0.1455,False,0.1117,False,58900.38,203374.69,533166.88,3.4,-0.23,4.14,99.2,9619727924.25,28.48,-18.41,97.54,2,3,"{'Bullish': {'ema_x': 2, 'ema_y': 22, 'profit_factor': 0.87}, 'Bearish': {'ema_x': 32, 'ema_y': 82, 'profit_factor': 3.42}, 'Sideways': {'ema_x': 42, 'ema_y': 72, 'profit_factor': 3.04}}"
XAU,30m,91,230,198208.24,98.21,-58.9,-157.11,-3.18,101.39,2.05,1.94,2.42,4.75,2.54,7.53,4.75,1.26,-20.68,4,24,75.0,0.68,3.24,4092.01,1.94,0.3849,33.04,0.0,12,66.67,41.9,12,83.33,39.68,7,2,7.12,-8.4,166.6,-11.76,7.87,3.86,1.903,0.0696,False,0.0303,True,101846.01,202449.8,369610.85,0.2,0.27,5.29,100.0,1904.15,-0.35,-17.09,24.45,1,3,"{'Bullish': {'ema_x': 112, 'ema_y': 212, 'profit_factor': 2.92}, 'Bearish': {'ema_x': 72, 'ema_y': 82, 'profit_factor': 1.59}, 'Sideways': {'ema_x': 62, 'ema_y': 82, 'profit_factor': 2.04}}"
ETH,30m,228,294,196748.47,96.75,-62.78,-159.52,19.99,76.75,2.87,1.66,1.48,2.41,2.73,17.34,2.41,1.21,-40.17,9,17,82.35,0.61,4.94,5691.09,1.66,0.5363,50.07,0.0,8,87.5,71.85,9,77.78,14.49,8,2,9.46,-16.15,235.2,-15.49,10.87,13.49,1.608,0.1273,False,0.0013,True,68473.91,195820.03,462839.11,1.8,-0.1,6.24,100.0,1840.27,20.39,12.92,28.01,3,3,"{'Bullish': {'ema_x': 2, 'ema_y': 72, 'profit_factor': 1.2}, 'Bearish': {'ema_x': 252, 'ema_y': 272, 'profit_factor': 2.46}, 'Sideways': {'ema_x': 242, 'ema_y': 292, 'profit_factor': 5.95}}"
OIL,5m,117,272,186856.18,86.86,-49.37,-136.22,10.82,76.04,4.95,3.45,4.04,6.72,5.61,3.24,6.72,1.7,-12.93,3,23,82.61,1.04,2.83,3776.36,3.45,0.6593,51.89,0.0,11,90.91,45.78,12,75.0,28.18,11,2,4.17,-3.53,173.8,-5.96,4.52,2.18,3.37,0.0028,True,0.0201,True,139612.6,189048.36,249817.36,0.0,1.68,6.86,100.0,1348173247.51,8.65,-18.2,34.35,2,3,"{'Bullish': {'ema_x': 242, 'ema_y': 292, 'profit_factor': 999.0}, 'Bearish': {'ema_x': 202, 'ema_y': 222, 'profit_factor': 4.17}, 'Sideways': {'ema_x': 282, 'ema_y': 292, 'profit_factor': 34.58}}"
XRP,30m,5,12,167624.62,67.62,-66.64,-134.27,134.79,-67.16,1.11,1.09,0.91,1.53,1.19,24.25,1.53,0.52,-44.22,218,347,71.76,0.44,0.24,194.88,1.09,0.0725,5.98,0.0,173,74.57,133.39,174,68.97,-28.18,16,4,2.09,-4.47,11.5,-3.22,1.67,3.75,1.089,0.2768,False,0.6438,False,43228.54,171307.68,529868.58,7.4,-0.56,2.84,66.3,861.48,4.98,-27.33,68.31,1,3,"{'Bullish': {'ema_x': 2, 'ema_y': 12, 'profit_factor': 1.05}, 'Bearish': {'ema_x': 42, 'ema_y': 72, 'profit_factor': 2.01}, 'Sideways': {'ema_x': 32, 'ema_y': 152, 'profit_factor': 2.18}}"
XRP,5m,299,300,165024.78,65.02,-45.95,-110.97,-7.0,72.03,4.07,2.08,3.43,3.28,3.64,7.38,3.28,1.16,-19.84,4,12,83.33,0.81,4.56,5418.73,2.08,0.6288,38.51,0.0,6,83.33,24.59,6,83.33,32.45,9,2,7.54,-10.35,333.2,-15.72,12.76,3.4,1.989,0.0722,False,0.0,True,100435.79,161529.56,245487.61,0.0,0.18,7.98,100.0,51557365.78,11.73,-1.72,32.54,2,3,"{'Bullish': {'ema_x': 112, 'ema_y': 282, 'profit_factor': 3.15}, 'Bearish': {'ema_x': 12, 'ema_y': 242, 'profit_factor': 3.72}, 'Sideways': {'ema_x': 62, 'ema_y': 272, 'profit_factor': 1.56}}"
XRP,15m,2,3,163577.23,63.58,-68.39,-131.96,52.92,10.66,1.05,1.03,0.91,1.52,1.1,18.52,1.52,0.5,-41.73,349,1000,69.4,0.46,0.08,63.58,1.03,0.0348,2.9,0.09,500,70.2,89.13,500,68.6,-13.51,14,5,1.33,-2.74,4.0,-1.69,0.95,1.82,1.03,0.3035,False,0.0013,True,39963.83,174767.48,676186.18,9.2,-0.63,2.97,4.8,7326.43,7.76,-17.54,34.47,2,3,"{'Bullish': {'ema_x': 122, 'ema_y': 132, 'profit_factor': 0.96}, 'Bearish': {'ema_x': 112, 'ema_y': 182, 'profit_factor': 8.75}, 'Sideways': {'ema_x': 142, 'ema_y': 172, 'profit_factor': 1.37}}"
SOL,5m,150,288,159752.8,59.75,-63.13,-122.88,-34.0,93.75,1.48,1.09,1.81,1.56,1.89,15.49,1.56,0.6,-38.36,5,17,82.35,0.32,4.42,3514.87,1.09,0.2661,19.92,0.0,9,77.78,14.92,8,87.5,39.01,8,1,11.41,-28.18,235.2,-17.36,11.02,10.92,1.061,0.3046,False,0.0,True,41405.33,170052.97,554888.83,8.0,-0.53,5.57,100.0,21986205.51,37.34,-60.22,147.54,2,3,"{'Bullish': {'ema_x': 142, 'ema_y': 272, 'profit_factor': 1.78}, 'Bearish': {'ema_x': 12, 'ema_y': 142, 'profit_factor': 2.15}, 'Sideways': {'ema_x': 152, 'ema_y': 282, 'profit_factor': 1.83}}"
SOL,2h,108,160,156254.21,56.25,-53.47,-109.72,-48.8,105.05,1.4,1.04,1.19,1.59,1.73,15.69,1.59,0.71,-35.42,7,24,75.0,0.47,2.94,2343.93,1.04,0.2134,14.97,0.0,13,69.23,-4.62,11,81.82,63.83,9,1,9.28,-16.08,166.6,-14.44,10.92,6.98,1.017,0.3199,False,0.2849,False,41239.41,153564.01,469313.66,7.4,-0.62,3.76,73.6,63.05,-17.98,-33.81,2.29,1,3,"{'Bullish': {'ema_x': 162, 'ema_y': 222, 'profit_factor': 2.74}, 'Bearish': {'ema_x': 102, 'ema_y': 222, 'profit_factor': 1.07}, 'Sideways': {'ema_x': 172, 'ema_y': 222, 'profit_factor': 1.08}}"
XAG,1h,113,142,153073.05,53.07,-62.11,-115.18,194.03,-140.96,1.4,1.05,0.89,1.06,1.73,28.77,1.06,0.38,-49.91,18,24,79.17,0.37,3.03,2211.38,1.05,0.2245,16.21,0.0,12,91.67,161.0,12,66.67,-41.35,8,1,9.06,-19.9,166.6,-12.74,8.54,2.99,1.027,0.315,False,0.0487,True,34380.42,154515.76,510420.64,10.4,-0.57,4.67,100.0,154.14,21.97,0.48,57.45,3,3,"{'Bullish': {'ema_x': 2, 'ema_y': 42, 'profit_factor': 0.87}, 'Bearish': {'ema_x': 32, 'ema_y': 42, 'profit_factor': 2.06}, 'Sideways': {'ema_x': 132, 'ema_y': 172, 'profit_factor': 2.02}}"
OIL,4h,195,214,141399.52,41.4,-45.09,-86.49,130.85,-89.45,1.53,1.0,0.85,0.95,1.84,18.25,0.95,0.48,-43.69,12,22,86.36,0.24,2.2,1881.8,1.0,0.2986,14.24,0.0,11,90.91,96.98,11,81.82,-28.22,10,1,5.58,-19.24,181.7,-8.82,5.83,4.49,0.98,0.3381,False,0.187,False,51679.4,156758.48,306858.02,4.8,-0.69,6.7,100.0,20.89,-7.2,-26.63,28.29,1,3,"{'Bullish': {'ema_x': 22, 'ema_y': 32, 'profit_factor': 2.73}, 'Bearish': {'ema_x': 42, 'ema_y': 62, 'profit_factor': 7.46}, 'Sideways': {'ema_x': 282, 'ema_y': 292, 'profit_factor': 1.24}}"
OIL,2h,173,289,140767.78,40.77,-64.05,-104.82,104.95,-64.18,1.22,1.11,0.0,0.63,2.23,28.13,0.63,10.75,-64.62,5,20,95.0,0.06,3.98,2038.39,1.11,0.1722,13.7,0.0,10,100.0,128.32,10,90.0,-38.35,15,1,7.59,-64.62,199.9,-10.01,7.91,5.4,1.08,0.2936,False,0.0029,True,15169.5,148624.07,494439.41,22.4,-0.56,13.05,100.0,45.44,-11.64,-57.74,16.66,2,3,"{'Bullish': {'ema_x': 12, 'ema_y': 22, 'profit_factor': 0.75}, 'Bearish': {'ema_x': 2, 'ema_y': 52, 'profit_factor': 8.78}, 'Sideways': {'ema_x': 172, 'ema_y': 282, 'profit_factor': 1.67}}"
GOOGL,15m,16,42,139981.21,39.98,-84.5,-124.48,-51.47,91.45,1.06,1.03,0.87,0.57,1.31,34.33,0.57,0.47,-69.86,43,116,73.28,0.39,1.07,344.67,1.03,0.0413,5.13,0.03,57,73.68,25.25,59,72.88,11.76,23,3,6.11,-12.75,34.5,-8.92,5.07,5.61,1.03,0.3053,False,0.0182,True,10826.04,171096.75,1617459.92,22.6,-0.62,3.54,27.3,1798.96,17.78,-29.76,79.86,2,3,"{'Bullish': {'ema_x': 22, 'ema_y': 32, 'profit_factor': 2.38}, 'Bearish': {'ema_x': 22, 'ema_y': 42, 'profit_factor': 1.11}, 'Sideways': {'ema_x': 252, 'ema_y': 292, 'profit_factor': 1.22}}"
SOL,4h,20,29,139410.5,39.41,-74.51,-113.92,-49.37,88.78,1.08,0.94,0.75,0.67,1.29,31.62,0.67,0.4,-58.54,76,116,72.41,0.41,0.79,339.75,0.94,0.0564,5.13,0.0,58,68.97,14.68,58,75.86,21.57,16,3,4.88,-9.96,34.5,-7.21,4.21,3.93,0.931,0.3538,False,0.6903,False,21002.8,140435.98,829137.24,19.6,-0.6,3.19,39.8,19.96,16.92,2.83,42.21,3,3,"{'Bullish': {'ema_x': 2, 'ema_y': 12, 'profit_factor': 1.46}, 'Bearish': {'ema_x': 22, 'ema_y': 112, 'profit_factor': 0.79}, 'Sideways': {'ema_x': 12, 'ema_y': 22, 'profit_factor': 2.51}}"
XAG,3h,110,280,138015.38,38.02,399.36,361.35,794.36,-756.35,1.19,-1.24,-0.87,0.21,0.16,127.81,0.21,0.05,-179.58,11,15,33.33,2.38,-23.58,2534.36,-1.24,0.0528,-18.16,0.0,7,14.29,29.58,8,50.0,6.51,3,5,-49.12,-10.81,266.5,-35.22,5.21,4.54,-1.202,0.2492,False,0.0,True,-350903.11,13591.17,367389.76,58.4,-2.19,3.54,66.1,26.53,-52.89,-129.55,18.82,1,3,"{'Bullish': {'ema_x': 12, 'ema_y': 262, 'profit_factor': 1.13}, 'Bearish': {'ema_x': 42, 'ema_y': 72, 'profit_factor': 14.34}, 'Sideways': {'ema_x': 2, 'ema_y': 72, 'profit_factor': 1.43}}"
TSLA,4h,2,3,137490.84,37.49,-70.64,-108.13,90.97,-53.48,1.03,0.84,0.71,0.51,1.08,39.05,0.51,0.5,-74.11,620,1014,69.63,0.45,0.08,36.97,0.84,0.0229,1.86,1.02,508,71.06,112.87,506,68.18,-35.41,15,8,1.51,-3.19,3.9,-2.01,1.09,2.42,0.843,0.3993,False,0.9278,False,26580.17,138013.35,763003.37,17.8,-0.68,2.8,4.8,19.05,17.86,-15.47,49.85,2,3,"{'Bullish': {'ema_x': 22, 'ema_y': 222, 'profit_factor': 0.81}, 'Bearish': {'ema_x': 12, 'ema_y': 42, 'profit_factor': 2.06}, 'Sideways': {'ema_x': 2, 'ema_y': 42, 'profit_factor': 1.13}}"
OIL,1h,35,48,135121.82,35.12,-37.88,-73.0,164.75,-129.63,1.23,0.96,0.88,1.46,1.37,10.61,1.46,0.54,-24.01,20,66,75.76,0.39,0.59,532.15,0.96,0.142,5.52,0.0,33,90.91,99.42,33,60.61,-32.24,13,3,2.86,-6.5,60.6,-4.75,2.65,7.08,0.956,0.3427,False,0.203,False,66582.5,135558.96,261842.67,1.0,-0.57,3.25,100.0,93.37,13.01,-18.14,65.19,1,3,"{'Bullish': {'ema_x': 222, 'ema_y': 272, 'profit_factor': 31.97}, 'Bearish': {'ema_x': 252, 'ema_y': 292, 'profit_factor': 21.55}, 'Sideways': {'ema_x': 12, 'ema_y': 62, 'profit_factor': 1.35}}"
XRP,3h,87,121,134535.87,34.54,-58.02,-92.55,-61.21,95.75,1.19,0.91,0.75,0.64,1.67,28.35,0.64,1.1,-54.09,9,26,69.23,0.53,2.45,1328.3,0.91,0.109,6.87,0.0,13,69.23,-24.03,13,69.23,77.08,9,2,8.82,-11.87,153.8,-12.48,8.09,37.53,0.89,0.382,False,0.1509,False,26307.01,150179.83,492718.55,12.2,-0.61,5.02,77.7,24.19,-19.17,-37.66,10.85,1,3,"{'Bullish': {'ema_x': 2, 'ema_y': 42, 'profit_factor': 1.76}, 'Bearish': {'ema_x': 12, 'ema_y': 22, 'profit_factor': 1.01}, 'Sideways': {'ema_x': 2, 'ema_y': 12, 'profit_factor': 0.91}}"
XAG,2h,202,295,123292.87,23.29,-75.63,-98.92,120.82,-97.53,1.07,1.05,0.87,0.32,2.01,38.34,0.32,0.75,-73.53,5,15,80.0,0.27,6.55,1552.86,1.05,0.0498,4.89,0.0,7,85.71,159.96,8,75.0,-52.57,10,2,16.33,-32.57,266.5,-15.93,14.75,5.71,1.015,0.3274,False,0.0046,True,10165.43,152868.52,863791.93,22.2,-0.47,7.22,79.3,25.78,20.09,-37.26,72.49,2,3,"{'Bullish': {'ema_x': 202, 'ema_y': 292, 'profit_factor': 0.86}, 'Bearish': {'ema_x': 42, 'ema_y': 62, 'profit_factor': 1.5}, 'Sideways': {'ema_x': 52, 'ema_y': 92, 'profit_factor': 1.4}}"
ETH,4h,12,13,120871.65,20.87,-55.25,-76.13,1152.01,-1131.14,1.06,0.66,0.57,0.4,1.14,31.14,0.4,0.52,-51.76,153,223,69.06,0.47,0.22,93.59,0.66,0.0373,1.8,0.06,111,81.08,378.72,112,57.14,-74.75,16,4,2.65,-5.2,17.9,-4.18,2.12,2.64,0.661,0.5095,False,0.0001,True,34974.75,122249.35,403272.96,14.2,-0.86,2.57,4.5,10.94,11.48,-31.5,63.52,2,3,"{'Bullish': {'ema_x': 2, 'ema_y': 12, 'profit_factor': 0.97}, 'Bearish': {'ema_x': 2, 'ema_y': 62, 'profit_factor': 1.79}, 'Sideways': {'ema_x': 12, 'ema_y': 32, 'profit_factor': 0.8}}"
NVDA,3h,262,295,119021.66,19.02,-40.22,-59.24,75.53,-56.51,1.28,0.6,1.46,0.68,1.5,13.49,0.68,1.13,-27.9,6,11,63.64,0.73,3.06,1729.24,0.6,0.1408,4.51,0.0,6,83.33,56.66,5,40.0,-24.02,3,2,14.32,-16.66,363.5,-26.58,11.33,6.09,0.572,0.5802,False,,False,44530.97,111406.52,264057.03,8.2,-1.09,2.42,92.6,13.56,-12.85,-34.45,23.76,1,3,"{'Bullish': {'ema_x': 262, 'ema_y': 292, 'profit_factor': 2.1}, 'Bearish': {'ema_x': 252, 'ema_y': 292, 'profit_factor': 999.0}, 'Sideways': {'ema_x': 2, 'ema_y': 72, 'profit_factor': 1.89}}"
XAU,4h,32,34,109701.46,9.7,-39.34,-49.04,378.41,-368.7,1.04,0.56,0.5,0.24,1.19,21.13,0.24,0.39,-40.41,40,79,68.35,0.48,0.52,122.8,0.56,0.0255,1.04,0.61,40,75.0,188.51,39,61.54,-61.98,13,5,4.81,-8.75,50.6,-7.38,4.25,4.59,0.553,0.5818,False,0.4972,False,23874.58,112236.59,389965.35,17.8,-1.12,2.81,7.9,5.2,13.84,-0.94,34.62,2,3,"{'Bullish': {'ema_x': 2, 'ema_y': 62, 'profit_factor': 0.99}, 'Bearish': {'ema_x': 12, 'ema_y': 52, 'profit_factor': 2.86}, 'Sideways': {'ema_x': 62, 'ema_y': 242, 'profit_factor': 1.5}}"
ETH,5m,37,96,101547.21,1.55,-55.8,-57.35,3.21,-1.66,1.0,0.57,0.45,0.02,1.26,37.89,0.02,0.42,-74.15,20,51,76.47,0.31,0.94,30.34,0.57,0.0027,0.13,57.91,26,84.62,21.02,25,68.0,-16.09,9,2,5.96,-15.34,78.4,-9.1,5.5,4.32,0.564,0.5756,False,0.3688,False,20670.68,124625.63,471144.15,21.4,-0.79,3.32,0.8,49.76,-23.81,-41.34,-14.06,0,3,"{'Bullish': {'ema_x': 2, 'ema_y': 32, 'profit_factor': 1.13}, 'Bearish': {'ema_x': 182, 'ema_y': 242, 'profit_factor': 2.26}, 'Sideways': {'ema_x': 82, 'ema_y': 172, 'profit_factor': 1.38}}"
TSLA,15m,41,57,100246.96,0.25,-67.21,-67.46,225.62,-225.37,1.0,0.64,0.53,0.0,1.25,58.3,0.0,0.41,-81.26,61,66,75.76,0.32,0.95,3.74,0.64,0.001,0.06,82.35,32,81.25,168.19,34,70.59,-62.62,14,3,6.28,-15.72,60.6,-10.22,5.85,4.59,0.631,0.5305,False,0.7148,False,12652.35,100431.53,536360.79,30.4,-0.92,2.94,5.8,2.21,48.56,-39.68,159.34,2,3,"{'Bullish': {'ema_x': 72, 'ema_y': 152, 'profit_factor': 0.67}, 'Bearish': {'ema_x': 2, 'ema_y': 72, 'profit_factor': 1.32}, 'Sideways': {'ema_x': 32, 'ema_y': 192, 'profit_factor': 0.74}}"
NVDA,4h,115,201,98073.27,-1.93,-64.76,-62.84,-30.24,28.31,0.99,0.67,0.62,-0.03,1.64,39.48,-0.03,1.19,-69.04,8,16,68.75,0.45,3.83,-120.42,0.67,0.0,0.0,100.0,8,75.0,-15.42,8,62.5,15.96,4,3,14.32,-19.27,249.9,-24.75,12.25,23.26,0.644,0.5291,False,0.0138,True,8007.61,115812.78,617274.1,28.2,-1.01,3.73,0.0,-1.06,6.67,-59.52,83.57,1,3,"{'Bullish': {'ema_x': 72, 'ema_y': 102, 'profit_factor': 0.94}, 'Bearish': {'ema_x': 82, 'ema_y': 282, 'profit_factor': 1.4}, 'Sideways': {'ema_x': 42, 'ema_y': 82, 'profit_factor': 1.82}}"
ETH,3h,9,35,92577.29,-7.42,-52.56,-45.14,525.68,-533.1,0.98,0.49,0.33,-0.11,1.14,27.85,-0.11,0.57,-66.51,35,169,76.33,0.31,0.25,-43.92,0.49,0.0,0.0,100.0,84,83.33,234.54,85,69.41,-72.33,15,3,2.67,-7.56,23.7,-4.78,2.35,3.0,0.488,0.6265,False,0.4192,False,14564.54,100545.36,440348.97,26.6,-0.98,2.96,0.0,-5.47,10.43,-35.75,35.26,2,3,"{'Bullish': {'ema_x': 12, 'ema_y': 22, 'profit_factor': 0.71}, 'Bearish': {'ema_x': 2, 'ema_y': 72, 'profit_factor': 5.42}, 'Sideways': {'ema_x': 2, 'ema_y': 42, 'profit_factor': 1.08}}"
XAU,15m,21,32,86893.76,-13.11,-23.46,-10.35,-1.8,-11.3,0.96,0.12,0.12,-0.23,1.03,19.57,-0.23,0.5,-57.14,36,104,71.15,0.39,0.07,-126.02,0.12,0.0,0.0,100.0,52,71.15,2.15,52,71.15,-14.93,10,3,3.24,-7.74,38.4,-6.28,2.87,2.03,0.116,0.9077,False,0.0172,True,25163.0,88945.44,262010.3,22.4,-1.61,2.18,0.0,-70.77,-2.25,-45.38,42.13,1,3,"{'Bullish': {'ema_x': 12, 'ema_y': 22, 'profit_factor': 1.21}, 'Bearish': {'ema_x': 42, 'ema_y': 92, 'profit_factor': 2.21}, 'Sideways': {'ema_x': 2, 'ema_y': 12, 'profit_factor': 1.21}}"
GOOGL,1h,6,7,62974.63,-37.03,-65.48,-28.45,-18.77,-18.26,0.92,0.31,0.28,-0.47,1.05,54.67,-0.47,0.41,-78.42,335,384,71.35,0.37,0.1,-96.42,0.31,0.0,0.0,100.0,191,71.73,4.79,193,70.98,-39.9,12,4,3.18,-7.58,10.4,-4.9,2.53,2.32,0.309,0.7572,False,0.3293,False,6504.56,72500.11,565599.36,41.0,-1.31,2.21,0.0,-63.7,18.38,-33.45,79.17,2,3,"{'Bullish': {'ema_x': 2, 'ema_y': 42, 'profit_factor': 1.08}, 'Bearish': {'ema_x': 2, 'ema_y': 12, 'profit_factor': 1.16}, 'Sideways': {'ema_x': 22, 'ema_y': 62, 'profit_factor': 1.03}}"
GOOGL,30m,5,7,27523.82,-72.48,-34.07,38.41,40.82,-113.29,0.91,-0.28,-0.24,-0.8,0.96,61.48,-0.8,0.39,-90.65,277,399,71.43,0.36,-0.09,-181.64,-0.28,0.0,0.0,100.0,199,71.36,2.98,200,71.5,-73.27,13,4,2.98,-7.76,10.0,-4.87,2.33,3.11,-0.277,0.7821,False,0.2912,False,2552.78,30471.57,267199.54,60.8,-1.8,1.5,0.0,-99.65,-31.05,-65.87,25.78,1,3,"{'Bullish': {'ema_x': 2, 'ema_y': 12, 'profit_factor': 0.82}, 'Bearish': {'ema_x': 12, 'ema_y': 62, 'profit_factor': 0.99}, 'Sideways': {'ema_x': 2, 'ema_y': 12, 'profit_factor': 1.02}}"
