symbol,timeframe,ema_x,ema_y,final_balance,profit_pct,profit_pct_no_shift,lookahead_delta,bh_return_pct,alpha_pct,profit_factor,sharpe,sortino,calmar,omega_ratio,ulcer_index,recovery_factor,tail_ratio,max_drawdown_pct,max_dd_bars,total_trades,win_rate_pct,payoff_ratio,expectancy_pct,expectancy_dol,sqn,kelly_fraction,kelly_profit_pct,risk_of_ruin_pct,long_trades,long_win_rate,long_profit_pct,short_trades,short_win_rate,short_profit_pct,max_consec_wins,max_consec_loss,avg_win_pct,avg_loss_pct,avg_hold_bars,avg_mae_pct,avg_mfe_pct,avg_edge_ratio,t_stat,p_value,is_significant,ljung_box_p,has_autocorrelation,mc_p5,mc_p50,mc_p95,mc_prob_ruin,mc_sharpe_p5,mc_sharpe_p95
SOL,3h,157,287,234815.82,134.82,22.46,-112.36,-68.86,203.68,999.0,1.79,0.0,999.0,999.0,0.0,134.82,0.0,0.0,0,5,100.0,999.0,21.04,26963.16,1.79,1.0,134.82,0.0,2,100.0,26.26,3,100.0,85.98,5,0,21.04,0.0,799.6,-19.69,25.65,3.08,1.599,0.1851,False,1.0,False,129800.1,234815.82,555146.24,0.0,1.52,6.84
SOL,3h,157,289,234815.82,134.82,22.46,-112.36,-68.86,203.68,999.0,1.79,0.0,999.0,999.0,0.0,134.82,0.0,0.0,0,5,100.0,999.0,21.04,26963.16,1.79,1.0,134.82,0.0,2,100.0,26.26,3,100.0,85.98,5,0,21.04,0.0,799.6,-19.69,25.65,3.08,1.599,0.1851,False,1.0,False,129800.1,234815.82,555146.24,0.0,1.52,6.84
SOL,3h,157,290,241917.91,141.92,18.42,-123.5,-68.86,210.78,999.0,1.87,0.0,999.0,999.0,0.0,141.92,0.0,0.0,0,5,100.0,999.0,21.67,28383.58,1.87,1.0,141.92,0.0,2,100.0,28.22,3,100.0,88.68,5,0,21.67,0.0,799.6,-19.28,25.95,3.09,1.671,0.1701,False,1.0,False,134984.83,241917.91,562880.78,0.0,1.6,6.93
SOL,3h,157,291,241917.91,141.92,18.42,-123.5,-68.86,210.78,999.0,1.87,0.0,999.0,999.0,0.0,141.92,0.0,0.0,0,5,100.0,999.0,21.67,28383.58,1.87,1.0,141.92,0.0,2,100.0,28.22,3,100.0,88.68,5,0,21.67,0.0,799.6,-19.28,25.95,3.09,1.671,0.1701,False,1.0,False,134984.83,241917.91,562880.78,0.0,1.6,6.93
SOL,3h,157,292,241917.91,141.92,18.42,-123.5,-68.86,210.78,999.0,1.87,0.0,999.0,999.0,0.0,141.92,0.0,0.0,0,5,100.0,999.0,21.67,28383.58,1.87,1.0,141.92,0.0,2,100.0,28.22,3,100.0,88.68,5,0,21.67,0.0,799.6,-19.28,25.95,3.09,1.671,0.1701,False,1.0,False,134984.83,241917.91,562880.78,0.0,1.6,6.93
SOL,3h,157,293,240882.64,140.88,19.2,-121.68,-68.86,209.74,999.0,1.85,0.0,999.0,999.0,0.0,140.88,0.0,0.0,0,5,100.0,999.0,21.6,28176.53,1.85,1.0,140.88,0.0,2,100.0,28.22,3,100.0,87.87,5,0,21.6,0.0,799.6,-19.43,25.84,3.09,1.656,0.173,False,1.0,False,134286.18,240882.64,561335.68,0.0,1.57,6.41
SOL,3h,202,227,236111.51,136.11,22.77,-113.35,-68.86,204.97,999.0,1.78,0.0,999.0,999.0,0.0,136.11,0.0,0.0,0,5,100.0,999.0,21.24,27222.3,1.78,1.0,136.11,0.0,2,100.0,28.22,3,100.0,84.15,5,0,21.24,0.0,799.6,-20.11,25.35,3.07,1.591,0.1867,False,1.0,False,128616.51,233617.15,544462.35,0.0,1.5,4.93
SOL,3h,197,297,341803.27,241.8,-26.0,-267.8,-68.86,310.67,999.0,3.07,0.0,999.0,999.0,0.0,241.8,0.0,0.0,0,5,100.0,999.0,29.43,48360.65,3.07,1.0,241.8,0.0,2,100.0,52.58,3,100.0,124.02,5,0,29.43,0.0,799.6,-14.52,32.49,5.17,2.744,0.0517,False,1.0,False,211952.51,342140.54,658424.33,0.0,2.76,12.83
SOL,3h,202,297,330785.47,230.79,-22.61,-253.4,-68.86,299.65,999.0,2.96,0.0,999.0,999.0,0.0,230.79,0.0,0.0,0,5,100.0,999.0,28.62,46157.09,2.96,1.0,230.79,0.0,2,100.0,49.26,3,100.0,121.62,5,0,28.62,0.0,799.6,-14.82,32.29,5.21,2.645,0.0573,False,1.0,False,208229.28,330785.47,650485.82,0.0,2.63,12.73
SOL,3h,202,292,342041.75,242.04,-26.08,-268.12,-68.86,310.9,999.0,3.07,0.0,999.0,999.0,0.0,242.04,0.0,0.0,0,5,100.0,999.0,29.44,48408.35,3.07,1.0,242.04,0.0,2,100.0,52.64,3,100.0,124.09,5,0,29.44,0.0,799.6,-14.52,32.5,5.22,2.746,0.0516,False,1.0,False,212142.5,342481.53,658434.18,0.0,2.77,12.87
SOL,3h,202,287,348892.89,248.89,-28.28,-277.18,-68.86,317.75,999.0,3.15,0.0,999.0,999.0,0.0,248.89,0.0,0.0,0,5,100.0,999.0,29.92,49778.58,3.15,1.0,248.89,0.0,2,100.0,54.39,3,100.0,125.99,5,0,29.92,0.0,799.6,-14.32,32.79,5.24,2.817,0.048,True,1.0,False,219735.59,351613.14,665094.48,0.0,2.82,11.78
SOL,3h,202,277,326959.83,226.96,-20.96,-247.92,-68.86,295.82,999.0,2.88,0.0,999.0,999.0,0.0,226.96,0.0,0.0,0,5,100.0,999.0,28.39,45391.97,2.88,1.0,226.96,0.0,2,100.0,49.0,3,100.0,119.44,5,0,28.39,0.0,799.6,-15.17,31.83,4.16,2.579,0.0614,False,1.0,False,204836.0,332324.5,647152.33,0.0,2.59,11.64
SOL,3h,202,272,314843.65,214.84,-16.19,-231.03,-68.86,283.71,999.0,2.71,0.0,999.0,999.0,0.0,214.84,0.0,0.0,0,5,100.0,999.0,27.54,42968.73,2.71,1.0,214.84,0.0,2,100.0,46.67,3,100.0,114.67,5,0,27.54,0.0,799.6,-15.94,31.24,3.9,2.428,0.0721,False,1.0,False,194239.87,319115.03,636369.66,0.0,2.42,10.37
SOL,3h,212,237,278658.72,178.66,-0.91,-179.57,-68.86,247.52,999.0,2.28,0.0,999.0,999.0,0.0,178.66,0.0,0.0,0,5,100.0,999.0,24.79,35731.74,2.28,1.0,178.66,0.0,2,100.0,37.93,3,100.0,102.03,5,0,24.79,0.0,799.6,-17.52,28.3,3.82,2.038,0.1112,False,1.0,False,162684.77,278658.72,587246.18,0.0,2.0,8.85
SOL,3h,212,232,256331.33,156.33,10.71,-145.62,-68.86,225.19,999.0,2.02,0.0,999.0,999.0,0.0,156.33,0.0,0.0,0,5,100.0,999.0,22.95,31266.27,2.02,1.0,156.33,0.0,2,100.0,32.5,3,100.0,93.46,5,0,22.95,0.0,799.6,-18.55,26.73,3.14,1.809,0.1447,False,1.0,False,147643.58,256331.33,562921.28,0.0,1.78,6.59
SOL,3h,212,227,248847.97,148.85,14.34,-134.51,-68.86,217.71,999.0,1.94,0.0,999.0,999.0,0.0,148.85,0.0,0.0,0,5,100.0,999.0,22.3,29769.59,1.94,1.0,148.85,0.0,2,100.0,30.15,3,100.0,91.19,5,0,22.3,0.0,799.6,-19.12,26.63,3.27,1.737,0.1574,False,1.0,False,138330.05,248847.97,570900.15,0.0,1.68,7.43
SOL,3h,212,222,248847.97,148.85,14.34,-134.51,-68.86,217.71,999.0,1.94,0.0,999.0,999.0,0.0,148.85,0.0,0.0,0,5,100.0,999.0,22.3,29769.59,1.94,1.0,148.85,0.0,2,100.0,30.15,3,100.0,91.19,5,0,22.3,0.0,799.6,-19.12,26.63,3.27,1.737,0.1574,False,1.0,False,138330.05,248847.97,570900.15,0.0,1.68,7.43
SOL,3h,212,217,236111.51,136.11,22.77,-113.35,-68.86,204.97,999.0,1.78,0.0,999.0,999.0,0.0,136.11,0.0,0.0,0,5,100.0,999.0,21.24,27222.3,1.78,1.0,136.11,0.0,2,100.0,28.22,3,100.0,84.15,5,0,21.24,0.0,799.6,-20.11,25.35,3.07,1.591,0.1867,False,1.0,False,128616.51,233617.15,544462.35,0.0,1.5,4.93
SOL,3h,207,297,347537.25,247.54,-28.07,-275.61,-68.86,316.4,999.0,3.14,0.0,999.0,999.0,0.0,247.54,0.0,0.0,0,5,100.0,999.0,29.82,49507.45,3.14,1.0,247.54,0.0,2,100.0,53.8,3,100.0,125.96,5,0,29.82,0.0,799.6,-14.25,32.81,4.45,2.807,0.0485,True,1.0,False,219934.94,352298.77,664311.44,0.0,2.82,12.82
SOL,3h,207,272,326959.83,226.96,-20.96,-247.92,-68.86,295.82,999.0,2.88,0.0,999.0,999.0,0.0,226.96,0.0,0.0,0,5,100.0,999.0,28.39,45391.97,2.88,1.0,226.96,0.0,2,100.0,49.0,3,100.0,119.44,5,0,28.39,0.0,799.6,-15.17,31.83,4.16,2.579,0.0614,False,1.0,False,204836.0,332324.5,647152.33,0.0,2.59,11.64
SOL,3h,192,292,329449.67,229.45,-22.16,-251.61,-68.86,298.31,999.0,2.94,0.0,999.0,999.0,0.0,229.45,0.0,0.0,0,5,100.0,999.0,28.54,45889.93,2.94,1.0,229.45,0.0,2,100.0,49.0,3,100.0,121.11,5,0,28.54,0.0,799.6,-14.84,32.06,4.17,2.626,0.0584,False,1.0,False,205151.62,334855.19,649540.15,0.0,2.63,14.53
SOL,3h,192,287,317810.79,217.81,-17.71,-235.52,-68.86,286.67,999.0,2.77,0.0,999.0,999.0,0.0,217.81,0.0,0.0,0,5,100.0,999.0,27.72,43562.16,2.77,1.0,217.81,0.0,2,100.0,46.67,3,100.0,116.69,5,0,27.72,0.0,799.6,-15.54,31.51,3.92,2.482,0.0681,False,1.0,False,194687.59,322122.43,639453.78,0.0,2.47,12.93
SOL,3h,153,287,224343.81,124.34,29.77,-94.58,-68.86,193.21,999.0,1.65,0.0,999.0,999.0,0.0,124.34,0.0,0.0,0,5,100.0,999.0,20.15,24868.76,1.65,1.0,124.34,0.0,2,100.0,24.65,3,100.0,79.98,5,0,20.15,0.0,799.6,-20.82,24.93,3.05,1.48,0.213,False,1.0,False,118958.16,224343.81,541728.03,0.0,1.37,4.16
SOL,3h,152,297,234815.82,134.82,22.46,-112.36,-68.86,203.68,999.0,1.79,0.0,999.0,999.0,0.0,134.82,0.0,0.0,0,5,100.0,999.0,21.04,26963.16,1.79,1.0,134.82,0.0,2,100.0,26.26,3,100.0,85.98,5,0,21.04,0.0,799.6,-19.69,25.65,3.08,1.599,0.1851,False,1.0,False,129800.1,234815.82,555146.24,0.0,1.52,6.84
SOL,3h,154,298,240882.64,140.88,19.2,-121.68,-68.86,209.74,999.0,1.85,0.0,999.0,999.0,0.0,140.88,0.0,0.0,0,5,100.0,999.0,21.6,28176.53,1.85,1.0,140.88,0.0,2,100.0,28.22,3,100.0,87.87,5,0,21.6,0.0,799.6,-19.43,25.84,3.09,1.656,0.173,False,1.0,False,134286.18,240882.64,561335.68,0.0,1.57,6.41
SOL,3h,154,297,240882.64,140.88,19.2,-121.68,-68.86,209.74,999.0,1.85,0.0,999.0,999.0,0.0,140.88,0.0,0.0,0,5,100.0,999.0,21.6,28176.53,1.85,1.0,140.88,0.0,2,100.0,28.22,3,100.0,87.87,5,0,21.6,0.0,799.6,-19.43,25.84,3.09,1.656,0.173,False,1.0,False,134286.18,240882.64,561335.68,0.0,1.57,6.41
SOL,3h,154,296,241917.91,141.92,18.42,-123.5,-68.86,210.78,999.0,1.87,0.0,999.0,999.0,0.0,141.92,0.0,0.0,0,5,100.0,999.0,21.67,28383.58,1.87,1.0,141.92,0.0,2,100.0,28.22,3,100.0,88.68,5,0,21.67,0.0,799.6,-19.28,25.95,3.09,1.671,0.1701,False,1.0,False,134984.83,241917.91,562880.78,0.0,1.6,6.93
SOL,3h,154,294,234815.82,134.82,22.46,-112.36,-68.86,203.68,999.0,1.79,0.0,999.0,999.0,0.0,134.82,0.0,0.0,0,5,100.0,999.0,21.04,26963.16,1.79,1.0,134.82,0.0,2,100.0,26.26,3,100.0,85.98,5,0,21.04,0.0,799.6,-19.69,25.65,3.08,1.599,0.1851,False,1.0,False,129800.1,234815.82,555146.24,0.0,1.52,6.84
SOL,3h,154,293,234815.82,134.82,22.46,-112.36,-68.86,203.68,999.0,1.79,0.0,999.0,999.0,0.0,134.82,0.0,0.0,0,5,100.0,999.0,21.04,26963.16,1.79,1.0,134.82,0.0,2,100.0,26.26,3,100.0,85.98,5,0,21.04,0.0,799.6,-19.69,25.65,3.08,1.599,0.1851,False,1.0,False,129800.1,234815.82,555146.24,0.0,1.52,6.84
SOL,3h,154,292,234815.82,134.82,22.46,-112.36,-68.86,203.68,999.0,1.79,0.0,999.0,999.0,0.0,134.82,0.0,0.0,0,5,100.0,999.0,21.04,26963.16,1.79,1.0,134.82,0.0,2,100.0,26.26,3,100.0,85.98,5,0,21.04,0.0,799.6,-19.69,25.65,3.08,1.599,0.1851,False,1.0,False,129800.1,234815.82,555146.24,0.0,1.52,6.84
SOL,3h,154,291,234815.82,134.82,22.46,-112.36,-68.86,203.68,999.0,1.79,0.0,999.0,999.0,0.0,134.82,0.0,0.0,0,5,100.0,999.0,21.04,26963.16,1.79,1.0,134.82,0.0,2,100.0,26.26,3,100.0,85.98,5,0,21.04,0.0,799.6,-19.69,25.65,3.08,1.599,0.1851,False,1.0,False,129800.1,234815.82,555146.24,0.0,1.52,6.84
SOL,3h,154,290,233511.89,133.51,24.21,-109.3,-68.86,202.37,999.0,1.76,0.0,999.0,999.0,0.0,133.51,0.0,0.0,0,5,100.0,999.0,20.99,26702.38,1.76,1.0,133.51,0.0,2,100.0,27.21,3,100.0,83.57,5,0,20.99,0.0,799.6,-20.26,25.33,3.06,1.57,0.1915,False,1.0,False,127154.08,233511.89,552120.6,0.0,1.47,4.89
SOL,3h,154,289,233511.89,133.51,24.21,-109.3,-68.86,202.37,999.0,1.76,0.0,999.0,999.0,0.0,133.51,0.0,0.0,0,5,100.0,999.0,20.99,26702.38,1.76,1.0,133.51,0.0,2,100.0,27.21,3,100.0,83.57,5,0,20.99,0.0,799.6,-20.26,25.33,3.06,1.57,0.1915,False,1.0,False,127154.08,233511.89,552120.6,0.0,1.47,4.89
SOL,3h,154,288,233511.89,133.51,24.21,-109.3,-68.86,202.37,999.0,1.76,0.0,999.0,999.0,0.0,133.51,0.0,0.0,0,5,100.0,999.0,20.99,26702.38,1.76,1.0,133.51,0.0,2,100.0,27.21,3,100.0,83.57,5,0,20.99,0.0,799.6,-20.26,25.33,3.06,1.57,0.1915,False,1.0,False,127154.08,233511.89,552120.6,0.0,1.47,4.89
SOL,3h,154,287,224343.81,124.34,29.77,-94.58,-68.86,193.21,999.0,1.65,0.0,999.0,999.0,0.0,124.34,0.0,0.0,0,5,100.0,999.0,20.15,24868.76,1.65,1.0,124.34,0.0,2,100.0,24.65,3,100.0,79.98,5,0,20.15,0.0,799.6,-20.82,24.93,3.05,1.48,0.213,False,1.0,False,118958.16,224343.81,541728.03,0.0,1.37,4.16
SOL,3h,153,299,240882.64,140.88,19.2,-121.68,-68.86,209.74,999.0,1.85,0.0,999.0,999.0,0.0,140.88,0.0,0.0,0,5,100.0,999.0,21.6,28176.53,1.85,1.0,140.88,0.0,2,100.0,28.22,3,100.0,87.87,5,0,21.6,0.0,799.6,-19.43,25.84,3.09,1.656,0.173,False,1.0,False,134286.18,240882.64,561335.68,0.0,1.57,6.41
SOL,3h,153,298,241917.91,141.92,18.42,-123.5,-68.86,210.78,999.0,1.87,0.0,999.0,999.0,0.0,141.92,0.0,0.0,0,5,100.0,999.0,21.67,28383.58,1.87,1.0,141.92,0.0,2,100.0,28.22,3,100.0,88.68,5,0,21.67,0.0,799.6,-19.28,25.95,3.09,1.671,0.1701,False,1.0,False,134984.83,241917.91,562880.78,0.0,1.6,6.93
SOL,3h,153,297,241917.91,141.92,18.42,-123.5,-68.86,210.78,999.0,1.87,0.0,999.0,999.0,0.0,141.92,0.0,0.0,0,5,100.0,999.0,21.67,28383.58,1.87,1.0,141.92,0.0,2,100.0,28.22,3,100.0,88.68,5,0,21.67,0.0,799.6,-19.28,25.95,3.09,1.671,0.1701,False,1.0,False,134984.83,241917.91,562880.78,0.0,1.6,6.93
SOL,3h,151,287,223422.92,123.42,30.55,-92.87,-68.86,192.28,999.0,1.64,0.0,999.0,999.0,0.0,123.42,0.0,0.0,0,5,100.0,999.0,20.08,24684.58,1.64,1.0,123.42,0.0,2,100.0,24.65,3,100.0,79.24,5,0,20.08,0.0,799.6,-20.97,24.83,3.05,1.468,0.216,False,1.0,False,118900.61,223422.92,540369.92,0.0,1.36,4.12
SOL,3h,150,297,238148.18,138.15,20.54,-117.61,-68.86,207.01,999.0,1.83,0.0,999.0,999.0,0.0,138.15,0.0,0.0,0,5,100.0,999.0,21.34,27629.64,1.83,1.0,138.15,0.0,2,100.0,27.21,3,100.0,87.21,5,0,21.34,0.0,799.6,-19.57,25.83,3.08,1.632,0.1779,False,1.0,False,131815.52,238148.18,558851.37,0.0,1.55,6.29
SOL,3h,151,299,234815.82,134.82,22.46,-112.36,-68.86,203.68,999.0,1.79,0.0,999.0,999.0,0.0,134.82,0.0,0.0,0,5,100.0,999.0,21.04,26963.16,1.79,1.0,134.82,0.0,2,100.0,26.26,3,100.0,85.98,5,0,21.04,0.0,799.6,-19.69,25.65,3.08,1.599,0.1851,False,1.0,False,129800.1,234815.82,555146.24,0.0,1.52,6.84
SOL,3h,151,298,234815.82,134.82,22.46,-112.36,-68.86,203.68,999.0,1.79,0.0,999.0,999.0,0.0,134.82,0.0,0.0,0,5,100.0,999.0,21.04,26963.16,1.79,1.0,134.82,0.0,2,100.0,26.26,3,100.0,85.98,5,0,21.04,0.0,799.6,-19.69,25.65,3.08,1.599,0.1851,False,1.0,False,129800.1,234815.82,555146.24,0.0,1.52,6.84
SOL,3h,151,297,234815.82,134.82,22.46,-112.36,-68.86,203.68,999.0,1.79,0.0,999.0,999.0,0.0,134.82,0.0,0.0,0,5,100.0,999.0,21.04,26963.16,1.79,1.0,134.82,0.0,2,100.0,26.26,3,100.0,85.98,5,0,21.04,0.0,799.6,-19.69,25.65,3.08,1.599,0.1851,False,1.0,False,129800.1,234815.82,555146.24,0.0,1.52,6.84
SOL,3h,151,296,238148.18,138.15,20.54,-117.61,-68.86,207.01,999.0,1.83,0.0,999.0,999.0,0.0,138.15,0.0,0.0,0,5,100.0,999.0,21.34,27629.64,1.83,1.0,138.15,0.0,2,100.0,27.21,3,100.0,87.21,5,0,21.34,0.0,799.6,-19.57,25.83,3.08,1.632,0.1779,False,1.0,False,131815.52,238148.18,558851.37,0.0,1.55,6.29
SOL,3h,151,294,233511.89,133.51,24.21,-109.3,-68.86,202.37,999.0,1.76,0.0,999.0,999.0,0.0,133.51,0.0,0.0,0,5,100.0,999.0,20.99,26702.38,1.76,1.0,133.51,0.0,2,100.0,27.21,3,100.0,83.57,5,0,20.99,0.0,799.6,-20.26,25.33,3.06,1.57,0.1915,False,1.0,False,127154.08,233511.89,552120.6,0.0,1.47,4.89
SOL,3h,151,293,233511.89,133.51,24.21,-109.3,-68.86,202.37,999.0,1.76,0.0,999.0,999.0,0.0,133.51,0.0,0.0,0,5,100.0,999.0,20.99,26702.38,1.76,1.0,133.51,0.0,2,100.0,27.21,3,100.0,83.57,5,0,20.99,0.0,799.6,-20.26,25.33,3.06,1.57,0.1915,False,1.0,False,127154.08,233511.89,552120.6,0.0,1.47,4.89
SOL,3h,153,296,234815.82,134.82,22.46,-112.36,-68.86,203.68,999.0,1.79,0.0,999.0,999.0,0.0,134.82,0.0,0.0,0,5,100.0,999.0,21.04,26963.16,1.79,1.0,134.82,0.0,2,100.0,26.26,3,100.0,85.98,5,0,21.04,0.0,799.6,-19.69,25.65,3.08,1.599,0.1851,False,1.0,False,129800.1,234815.82,555146.24,0.0,1.52,6.84
SOL,3h,153,294,234815.82,134.82,22.46,-112.36,-68.86,203.68,999.0,1.79,0.0,999.0,999.0,0.0,134.82,0.0,0.0,0,5,100.0,999.0,21.04,26963.16,1.79,1.0,134.82,0.0,2,100.0,26.26,3,100.0,85.98,5,0,21.04,0.0,799.6,-19.69,25.65,3.08,1.599,0.1851,False,1.0,False,129800.1,234815.82,555146.24,0.0,1.52,6.84
SOL,3h,153,293,234815.82,134.82,22.46,-112.36,-68.86,203.68,999.0,1.79,0.0,999.0,999.0,0.0,134.82,0.0,0.0,0,5,100.0,999.0,21.04,26963.16,1.79,1.0,134.82,0.0,2,100.0,26.26,3,100.0,85.98,5,0,21.04,0.0,799.6,-19.69,25.65,3.08,1.599,0.1851,False,1.0,False,129800.1,234815.82,555146.24,0.0,1.52,6.84
SOL,3h,153,292,238148.18,138.15,20.54,-117.61,-68.86,207.01,999.0,1.83,0.0,999.0,999.0,0.0,138.15,0.0,0.0,0,5,100.0,999.0,21.34,27629.64,1.83,1.0,138.15,0.0,2,100.0,27.21,3,100.0,87.21,5,0,21.34,0.0,799.6,-19.57,25.83,3.08,1.632,0.1779,False,1.0,False,131815.52,238148.18,558851.37,0.0,1.55,6.29
